pair,design,observable,Nh,n,xmin,winner,w_PL,w_TPL,w_exp,w_logn,w_stexp,R_TPL_exp,p_TPL_exp,R_PL_exp,p_PL_exp,decades,alpha_TPL,alpha_PL,gap,PASS
bib-bib,rs,argmax,10,96347,5.0,truncated_power_law,0.0,1.0,0.0,8.801317837409025e-142,3.284934570054121e-100,78.70074748756618,0.0,70.92232986952493,0.0,3.0156949885265183,1.4410364968723122,1.5987233596662556,0.1576868627939434,True
bib-bib,ra,argmax,10,81212,5.0,truncated_power_law,0.0,1.0,0.0,1.281646899067397e-134,8.54449935009269e-98,75.82230560156991,0.0,68.76233269846365,0.0,3.15259407792747,1.428080348720814,1.5778208350856402,0.14974048636482618,True
bib-bib,ss,argmax,10,96498,5.0,truncated_power_law,0.0,1.0,0.0,2.0221098141192865e-156,5.471206933618763e-113,80.15140451475965,0.0,72.01879301256092,0.0,3.0549958615291417,1.4378068737329883,1.5975633666801738,0.15975649294718552,True
bib-bib,sa,argmax,10,84168,5.0,truncated_power_law,0.0,1.0,0.0,9.76247245958308e-161,6.027459661111589e-115,80.0027288631092,0.0,71.25611240895063,0.0,3.031327657761131,1.4093113350325654,1.574240050436969,0.16492871540440346,True
bo-bo,rs,argmax,10,762352,16.0,stretched_exponential,7.4e-323,9.128754252542401e-07,0.0,1.368295879317762e-05,0.9999854041657815,23.568773891117694,8.059961934532951e-123,11.6920344747354,1.3999237183303232e-31,1.4313637641589874,2.041141388390499,2.8367269204932706,0.7955855321027716,False
bo-bo,ra,argmax,10,734510,17.0,stretched_exponential,5.178572928301826e-259,1.569383492515302e-09,0.0,0.012729274542195867,0.9872707238884206,20.31864348741146,8.797380860615989e-92,10.427056863666385,1.8657802672773706e-25,1.5177391056279264,2.1508224938411478,2.9692504419501677,0.81842794810902,False
bo-bo,ss,argmax,10,786396,14.0,truncated_power_law,0.0,0.9999999986644732,0.0,2.1400090443881423e-37,1.3355267220594002e-09,20.030801694075567,2.9684072240685877e-89,-7.554103683058568,4.217541122448703e-14,1.1139433523068367,1.5123170395871233,2.9578736587164407,1.4455566191293174,False
bo-bo,sa,argmax,10,760848,12.0,truncated_power_law,0.0,0.7003433025441907,0.0,8.0856125153466e-23,0.29965669745580925,22.358288071184624,1.0028626249534341e-110,-8.658405924746297,4.784072301221067e-18,1.1613680022349748,1.502322017717988,2.943282608948081,1.440960591230093,False
bib-bib,rs,laminar,10,47048,2.0,truncated_power_law,0.0,1.0,0.0,3.16063787746019e-178,1.3229529816379116e-122,85.61051326055339,0.0,75.21858049597819,0.0,3.1121020547708906,1.333362201037806,1.5023039646653555,0.16894176362754965,True
bib-bib,ra,laminar,10,46269,2.0,truncated_power_law,0.0,1.0,0.0,5.477532805214258e-161,2.945840916187345e-106,84.5034339433506,0.0,73.94030114837594,0.0,3.150449409460881,1.321346038743037,1.4933504004949567,0.1720043617519198,True
bib-bib,ss,laminar,10,49226,2.0,truncated_power_law,0.0,1.0,0.0,9.840276374709048e-189,6.191993320794811e-126,86.88059456696125,0.0,75.33224775353655,0.0,3.169527489553293,1.319458857244541,1.4981161702540482,0.17865731300950727,True
bib-bib,sa,laminar,10,47933,3.0,truncated_power_law,0.0,1.0,0.0,1.5885651091524298e-171,4.41645815837974e-114,74.02036957348167,0.0,62.45484348229863,0.0,3.0788191830988487,1.3265921858660032,1.5269348017855333,0.20034261591953006,False
bo-bo,rs,laminar,10,182534,11.0,stretched_exponential,1.144972614599219e-119,8.236284715830372e-05,0.0,0.09712475404332051,0.9027928831095211,16.69169041811393,1.5064431254290494e-62,10.257145950832967,1.0990715362411352e-24,1.5185139398778875,2.1266772592569603,2.782218651639859,0.6555413923828985,False
bo-bo,ra,laminar,10,190948,10.0,lognormal,7.732669747822814e-138,1.190347680768817e-09,0.0,0.8277216383564404,0.17227836045321193,17.286441182372844,5.951504924420004e-67,10.945251841400903,7.002285865164076e-28,1.6334684555795864,2.191018502041838,2.8383505216476967,0.6473320196058587,False
bo-bo,ss,laminar,10,218465,7.0,truncated_power_law,0.0,0.9999986754915327,1.5397670338099308e-230,7.144320583577009e-25,1.3245084673869857e-06,14.971369205972627,1.1297122215189906e-50,-7.342482007459856,2.096687173615607e-13,1.1842857376709528,1.4351531176941639,2.912548828125,1.477395710430836,False
bo-bo,sa,laminar,10,230471,7.0,truncated_power_law,0.0,0.9999491374971275,1.747274828859992e-188,1.945140790085625e-27,5.0862502872338716e-05,13.5919444786709,4.470437507139524e-42,-13.789977790331012,2.9285007622829463e-43,1.089400411229311,1.2290258102391318,2.9016357421874996,1.6726099319483678,False
bo-bo,rs,argmax,3,142125,257.0,power_law,0.5800342232277373,0.21338189450392103,9.40624447937126e-292,0.20658331171994224,5.705483994827108e-07,5.695448838460159,1.230477806442937e-08,5.69545675557471,1.230420705254773e-08,2.0077212174746575,2.8050071932573815,2.8050276221420285,2.042888464703907e-05,True
bo-bo,ra,argmax,3,124068,259.0,power_law,0.5776407975795211,0.21250126965520372,1.7472700576935377e-283,0.20983069580371003,2.723696156496293e-05,5.621174048888316,1.8966407090686226e-08,5.621191541176577,1.8964486502836096e-08,1.997814654469653,2.7807486511796555,2.7807950848347893,4.643365513379294e-05,False
bo-bo,ss,argmax,3,74467,1.0,truncated_power_law,0.0,1.0,0.0,0.0,0.0,192.63067952212663,0.0,159.8919699977004,0.0,3.1956229435869368,1.226470413524366,1.3980248191370488,0.17155440561268276,True
bo-bo,sa,argmax,3,59027,1.0,truncated_power_law,0.0,1.0,0.0,0.0,0.0,166.6561483264954,0.0,133.80566758993905,0.0,3.3310221710418286,1.1835183595139158,1.3704995716410457,0.18698121212712993,True
bo-bo,rs,argmax,6,382632,43.0,lognormal,1.9616795984610402e-134,7.259183374724891e-30,0.0,0.9999999557243806,4.427561936751675e-08,11.737911504938928,8.14735764823524e-32,7.19681273576015,6.163632068396193e-13,1.5850670496369414,2.1500993177129724,2.824312495852691,0.6742131781397185,False
bo-bo,ra,argmax,6,353139,51.0,lognormal,1.386913336328533e-93,5.554544200336149e-22,0.0,0.9999985019903554,1.4980096444797223e-06,9.707000630315699,2.8149874260956854e-22,5.8796273754937225,4.11191077623698e-09,1.6039717823032587,2.2605590606661017,2.98412398487942,0.7235649242133184,False
bo-bo,ss,argmax,6,401689,4.0,truncated_power_law,0.0,1.0,0.0,0.0,0.0,108.58610788692604,0.0,62.618999673638086,0.0,2.089021500795006,1.3725151935788462,1.818224944461063,0.44570975088221676,False
bo-bo,sa,argmax,6,381650,10.0,truncated_power_law,0.0,1.0,0.0,9.72251832325845e-262,6.435165935634414e-111,54.836445953583784,0.0,13.652691676151548,1.9455720665017332e-42,1.7275412570285564,1.3367466014577982,2.043121451878009,0.7063748504202108,False
bo-bo,rs,argmax,15,1244769,6.0,stretched_exponential,0.0,8.965596056855825e-23,0.0,1.220482200369222e-07,0.99999987795178,43.18554833031873,0.0,22.958535980254865,1.2108398050736115e-116,1.44973545423003,2.1815815310604676,2.987915039062499,0.8063335080020315,False
bo-bo,ra,argmax,15,1166736,6.0,stretched_exponential,0.0,2.408101988143927e-38,0.0,0.00020511601257336298,0.9997948839874268,38.151778872221776,0.0,9.22187899258618,2.9193880169243577e-20,1.4771212547196624,1.897965250720874,2.9638183593750003,1.0658531086541263,False
bo-bo,ss,argmax,15,1382743,4.0,stretched_exponential,0.0,1.025075399268644e-38,0.0,7.393418499927131e-28,1.0,53.649570630166394,0.0,6.342704263560852,2.2576656899981917e-10,1.3617278360175928,1.7508858629228694,2.8689697265625,1.1180838636396304,False
bo-bo,sa,argmax,15,1260400,5.0,truncated_power_law,0.0,1.0,0.0,1.133173204966635e-117,3.0676543269649876e-29,42.34717412710545,0.0,-9.299079476619779,1.416668382808797e-20,1.2648178230095364,1.5744598126831866,2.9236083984374996,1.349148585754313,False
bo-bo,rs,argmax,20,1657196,3.0,lognormal,0.0,4.6228428606696425e-143,0.0,1.0,2.9885648536930746e-27,57.27109452027343,0.0,-1.3166172517942716,0.18796695308060607,1.414973347970818,1.6681040387096386,2.8855957031249995,1.2174916644153608,False
bo-bo,ra,argmax,20,1471952,4.0,stretched_exponential,0.0,5.631637048538872e-09,0.0,4.231091489822737e-68,0.9999999943683628,44.16926925297732,0.0,-13.89859850992295,6.459378125998821e-44,1.255272505103306,1.5322752578782264,2.93818359375,1.4059083358717734,False
bo-bo,ss,argmax,20,1749559,2.0,lognormal,0.0,0.0,0.0,1.0,4.774388404442954e-279,64.97197272663139,0.0,-50.17441804449792,0.0,1.505149978319906,1.1874415971042216,2.585083007812499,1.3976414107082775,False
bo-bo,sa,argmax,20,1523988,4.0,truncated_power_law,0.0,1.0,0.0,1.1126834880614656e-92,1.3405043663171581e-24,54.91823104760052,0.0,10.794718834546954,3.645767002653209e-27,1.295567099962479,1.8550190890143696,2.9493164062499995,1.0942973172356298,False
bib-bib,rs,argmax,3,70362,47.0,truncated_power_law,4.565306741370246e-54,1.0,0.0,1.1671071824414407e-24,5.168594483336424e-21,29.52548972189364,1.3556647996669732e-191,27.431077647450405,1.1685192737484736e-165,2.648671370402969,1.661855517918436,1.7979599744189207,0.13610445650048475,True
bib-bib,ra,argmax,3,62500,46.0,truncated_power_law,7.724484895079455e-72,1.0,0.0,5.906437879402699e-28,1.4982638104694025e-22,29.75548439036341,1.4727792994698e-194,26.927030106846864,1.0599886109386929e-159,2.7449898805445994,1.5945562175289165,1.7580722814984298,0.16351606396951324,True
bib-bib,ss,argmax,3,69438,47.0,truncated_power_law,1.0872575115507591e-69,1.0,0.0,3.9330139929448257e-31,5.958281907952758e-26,34.14429280256824,1.6251343546062736e-255,30.897461836132685,1.2920115104998595e-209,2.4309528895002397,1.616231524849352,1.7790122055634852,0.1627806807141332,True
bib-bib,sa,argmax,3,59176,47.0,truncated_power_law,5.191738655192874e-63,1.0,0.0,2.651326650466403e-26,1.016170614750869e-21,30.91682726656832,7.096700704332448e-210,28.25863544330941,1.1148433475140528e-175,2.53696117619308,1.6003136319875853,1.7521830836147028,0.1518694516271175,True
bib-bib,rs,argmax,6,68658,5.0,truncated_power_law,0.0,1.0,0.0,4.773745894333985e-120,1.0494026293938018e-96,76.51447925443064,0.0,71.46963518756591,0.0,3.166430113843283,1.4535168488080157,1.5713036309595525,0.11778678215153682,True
bib-bib,ra,argmax,6,60097,4.0,truncated_power_law,0.0,1.0,0.0,5.853592058595314e-135,5.38808474962743e-106,74.32923787351322,0.0,69.26798421268772,0.0,3.464638559095033,1.4176016277032575,1.5362632969358372,0.1186616692325797,True
bib-bib,ss,argmax,6,65097,4.0,truncated_power_law,5.933429097137627e-302,1.0,0.0,1.0113963186095356e-112,3.7709429076077996e-93,77.33647747176578,0.0,73.40733776746708,0.0,3.382692286787451,1.4612285398988063,1.5602406383054932,0.0990120984066869,True
bib-bib,sa,argmax,6,57257,3.0,truncated_power_law,0.0,1.0,0.0,6.695455983261567e-114,1.5853329305977072e-89,75.90799381308709,0.0,72.02092199806994,0.0,3.59035876921182,1.425486854564077,1.5240819908208736,0.0985951362567965,True
bib-bib,rs,argmax,15,148055,6.0,truncated_power_law,0.0,1.0,0.0,8.553213728580604e-178,2.101437517383267e-106,78.62642617422513,0.0,64.90125609419961,0.0,2.6223867390083027,1.4325568204764214,1.6697981514573086,0.23724133098088718,False
bib-bib,ra,argmax,15,135072,4.0,truncated_power_law,0.0,1.0,0.0,4.391361622274488e-215,3.5995922121199666e-127,91.04690603852484,0.0,76.9888205071152,0.0,2.79605370040254,1.3975262112891271,1.6103789598690672,0.21285274857994008,False
bib-bib,ss,argmax,15,148047,6.0,truncated_power_law,0.0,1.0,0.0,4.170688360669255e-170,2.700039675012431e-102,78.92237313980185,0.0,65.5601510200139,0.0,2.654978267196842,1.4392995653812863,1.6723467351974601,0.2330471698161738,False
bib-bib,sa,argmax,15,137661,4.0,truncated_power_law,0.0,1.0,0.0,2.9777849367747177e-221,1.2872758127802595e-131,91.198319657409,0.0,77.11263604891796,0.0,2.813747736307581,1.400382566783965,1.6135916853026018,0.21320911851863666,False
bib-bib,rs,argmax,20,211611,158.0,truncated_power_law,8.570614100666128e-43,0.9773897975772228,6.212150640328036e-53,0.0001237516901121819,0.022486450732665274,7.256809055646124,3.96328554947302e-13,0.8669865315596075,0.38594938929323697,1.0606978403536116,1.7849746317653528,2.922767064986304,1.137792433220951,False
bib-bib,ra,argmax,20,198741,135.0,truncated_power_law,8.033040895439498e-81,0.9602432041779853,5.449412592071723e-59,1.4226088320285803e-05,0.039742569733694416,7.506177552419849,6.087883389058427e-14,-1.5455166424546165,0.12222134654638671,1.1166569307465437,1.4857731382217936,2.731394331909355,1.2456211936875614,False
bib-bib,ss,argmax,20,212119,142.0,truncated_power_law,1.590839868248372e-67,0.994487781293847,1.1528786877174974e-45,5.336140939021733e-07,0.005511685092059064,7.077371140434075,1.4691469235723734e-12,-1.823321153779598,0.06825476425417247,1.0430577139653632,1.5238309561653998,2.864128442832227,1.3402974866668271,False
bib-bib,sa,argmax,20,196287,148.0,truncated_power_law,2.586600622183838e-65,0.994645494338715,3.4142043958530344e-54,7.609279346659254e-07,0.005353744733350262,7.46102185311165,8.585400876695113e-14,-0.8713842036000613,0.38354440789740074,1.0629882941461428,1.5657928516503357,2.795302122009664,1.2295092703593284,False
